[{"model": "admin.logentry", "pk": 1, "fields": {"action_time": "2023-11-04T23:55:52.910Z", "user": 1, "content_type": 14, "object_id": "1", "object_repr": "Netflix", "action_flag": 1, "change_message": "[{\"added\": {}}]"}}, {"model": "admin.logentry", "pk": 2, "fields": {"action_time": "2023-11-04T23:55:57.408Z", "user": 1, "content_type": 12, "object_id": "1", "object_repr": "Pirates of the carribean", "action_flag": 1, "change_message": "[{\"added\": {}}]"}}, {"model": "admin.logentry", "pk": 3, "fields": {"action_time": "2023-11-05T02:18:35.166Z", "user": 1, "content_type": 4, "object_id": "2", "object_repr": "arefin", "action_flag": 1, "change_message": "[{\"added\": {}}]"}}, {"model": "admin.logentry", "pk": 4, "fields": {"action_time": "2023-11-05T02:18:39.842Z", "user": 1, "content_type": 4, "object_id": "2", "object_repr": "arefin", "action_flag": 2, "change_message": "[]"}}, {"model": "admin.logentry", "pk": 5, "fields": {"action_time": "2023-11-16T02:25:29.145Z", "user": 1, "content_type": 12, "object_id": "21", "object_repr": "President goal individual certainly town group.", "action_flag": 3, "change_message": ""}}, {"model": "admin.logentry", "pk": 6, "fields": {"action_time": "2023-11-16T02:25:29.308Z", "user": 1, "content_type": 12, "object_id": "20", "object_repr": "Resource blue face year around policy compare.", "action_flag": 3, "change_message": ""}}, {"model": "admin.logentry", "pk": 7, "fields": {"action_time": "2023-11-16T02:25:29.435Z", "user": 1, "content_type": 12, "object_id": "19", "object_repr": "Center nice there think executive.", "action_flag": 3, "change_message": ""}}, {"model": "admin.logentry", "pk": 8, "fields": {"action_time": "2023-11-16T02:25:29.458Z", "user": 1, "content_type": 12, "object_id": "18", "object_repr": "Letter alone tonight lawyer.", "action_flag": 3, "change_message": ""}}, {"model": "admin.logentry", "pk": 9, "fields": {"action_time": "2023-11-16T02:25:29.478Z", "user": 1, "content_type": 12, "object_id": "17", "object_repr": "Sit memory than explain.", "action_flag": 3, "change_message": ""}}, {"model": "admin.logentry", "pk": 10, "fields": {"action_time": "2023-11-16T02:25:29.500Z", "user": 1, "content_type": 12, "object_id": "16", "object_repr": "Know happen long then score live.", "action_flag": 3, "change_message": ""}}, {"model": "admin.logentry", "pk": 11, "fields": {"action_time": "2023-11-16T02:25:29.523Z", "user": 1, "content_type": 12, "object_id": "15", "object_repr": "Discover politics so college.", "action_flag": 3, "change_message": ""}}, {"model": "admin.logentry", "pk": 12, "fields": {"action_time": "2023-11-16T02:25:29.542Z", "user": 1, "content_type": 12, "object_id": "14", "object_repr": "Professor now civil how.", "action_flag": 3, "change_message": ""}}, {"model": "admin.logentry", "pk": 13, "fields": {"action_time": "2023-11-16T02:25:29.562Z", "user": 1, "content_type": 12, "object_id": "13", "object_repr": "All mission raise down everyone wife.", "action_flag": 3, "change_message": ""}}, {"model": "admin.logentry", "pk": 14, "fields": {"action_time": "2023-11-16T02:25:29.582Z", "user": 1, "content_type": 12, "object_id": "12", "object_repr": "Alone we miss professor.", "action_flag": 3, "change_message": ""}}, {"model": "admin.logentry", "pk": 15, "fields": {"action_time": "2023-11-16T02:25:29.600Z", "user": 1, "content_type": 12, "object_id": "11", "object_repr": "Project fear generation whom protect kind.", "action_flag": 3, "change_message": ""}}, {"model": "admin.logentry", "pk": 16, "fields": {"action_time": "2023-11-16T02:25:29.619Z", "user": 1, "content_type": 12, "object_id": "10", "object_repr": "Happy sometimes debate already design feel.", "action_flag": 3, "change_message": ""}}, {"model": "admin.logentry", "pk": 17, "fields": {"action_time": "2023-11-16T02:25:29.638Z", "user": 1, "content_type": 12, "object_id": "9", "object_repr": "Deal southern go again movement deal run.", "action_flag": 3, "change_message": ""}}, {"model": "admin.logentry", "pk": 18, "fields": {"action_time": "2023-11-16T02:25:29.660Z", "user": 1, "content_type": 12, "object_id": "8", "object_repr": "Order home bank finish happy rich.", "action_flag": 3, "change_message": ""}}, {"model": "admin.logentry", "pk": 19, "fields": {"action_time": "2023-11-16T02:25:29.683Z", "user": 1, "content_type": 12, "object_id": "7", "object_repr": "Dream remain major cut real know manage.", "action_flag": 3, "change_message": ""}}, {"model": "admin.logentry", "pk": 20, "fields": {"action_time": "2023-11-16T02:25:29.708Z", "user": 1, "content_type": 12, "object_id": "6", "object_repr": "Wish garden two both civil.", "action_flag": 3, "change_message": ""}}, {"model": "admin.logentry", "pk": 21, "fields": {"action_time": "2023-11-16T02:25:29.735Z", "user": 1, "content_type": 12, "object_id": "5", "object_repr": "Economy once travel still action.", "action_flag": 3, "change_message": ""}}, {"model": "admin.logentry", "pk": 22, "fields": {"action_time": "2023-11-16T02:25:29.767Z", "user": 1, "content_type": 12, "object_id": "4", "object_repr": "Contain herself imagine idea.", "action_flag": 3, "change_message": ""}}, {"model": "admin.logentry", "pk": 23, "fields": {"action_time": "2023-11-16T02:25:29.803Z", "user": 1, "content_type": 12, "object_id": "3", "object_repr": "Employee sign imagine stay practice move sit.", "action_flag": 3, "change_message": ""}}, {"model": "admin.logentry", "pk": 24, "fields": {"action_time": "2023-11-16T02:25:29.841Z", "user": 1, "content_type": 12, "object_id": "2", "object_repr": "Nature sure card way.", "action_flag": 3, "change_message": ""}}, {"model": "admin.logentry", "pk": 25, "fields": {"action_time": "2023-11-16T02:25:29.870Z", "user": 1, "content_type": 12, "object_id": "1", "object_repr": "Pirates of the carribean", "action_flag": 3, "change_message": ""}}, {"model": "admin.logentry", "pk": 26, "fields": {"action_time": "2023-11-16T02:25:37.825Z", "user": 1, "content_type": 14, "object_id": "5", "object_repr": "model", "action_flag": 3, "change_message": ""}}, {"model": "admin.logentry", "pk": 27, "fields": {"action_time": "2023-11-16T02:25:37.842Z", "user": 1, "content_type": 14, "object_id": "4", "object_repr": "behind", "action_flag": 3, "change_message": ""}}, {"model": "admin.logentry", "pk": 28, "fields": {"action_time": "2023-11-16T02:25:37.859Z", "user": 1, "content_type": 14, "object_id": "3", "object_repr": "customer", "action_flag": 3, "change_message": ""}}, {"model": "admin.logentry", "pk": 29, "fields": {"action_time": "2023-11-16T02:25:37.876Z", "user": 1, "content_type": 14, "object_id": "2", "object_repr": "fight", "action_flag": 3, "change_message": ""}}, {"model": "admin.logentry", "pk": 30, "fields": {"action_time": "2023-11-16T02:25:37.893Z", "user": 1, "content_type": 14, "object_id": "1", "object_repr": "Netflix", "action_flag": 3, "change_message": ""}}, {"model": "auth.permission", "pk": 1, "fields": {"name": "Can add log entry", "content_type": 1, "codename": "add_logentry"}}, {"model": "auth.permission", "pk": 2, "fields": {"name": "Can change log entry", "content_type": 1, "codename": "change_logentry"}}, {"model": "auth.permission", "pk": 3, "fields": {"name": "Can delete log entry", "content_type": 1, "codename": "delete_logentry"}}, {"model": "auth.permission", "pk": 4, "fields": {"name": "Can view log entry", "content_type": 1, "codename": "view_logentry"}}, {"model": "auth.permission", "pk": 5, "fields": {"name": "Can add permission", "content_type": 2, "codename": "add_permission"}}, {"model": "auth.permission", "pk": 6, "fields": {"name": "Can change permission", "content_type": 2, "codename": "change_permission"}}, {"model": "auth.permission", "pk": 7, "fields": {"name": "Can delete permission", "content_type": 2, "codename": "delete_permission"}}, {"model": "auth.permission", "pk": 8, "fields": {"name": "Can view permission", "content_type": 2, "codename": "view_permission"}}, {"model": "auth.permission", "pk": 9, "fields": {"name": "Can add group", "content_type": 3, "codename": "add_group"}}, {"model": "auth.permission", "pk": 10, "fields": {"name": "Can change group", "content_type": 3, "codename": "change_group"}}, {"model": "auth.permission", "pk": 11, "fields": {"name": "Can delete group", "content_type": 3, "codename": "delete_group"}}, {"model": "auth.permission", "pk": 12, "fields": {"name": "Can view group", "content_type": 3, "codename": "view_group"}}, {"model": "auth.permission", "pk": 13, "fields": {"name": "Can add user", "content_type": 4, "codename": "add_user"}}, {"model": "auth.permission", "pk": 14, "fields": {"name": "Can change user", "content_type": 4, "codename": "change_user"}}, {"model": "auth.permission", "pk": 15, "fields": {"name": "Can delete user", "content_type": 4, "codename": "delete_user"}}, {"model": "auth.permission", "pk": 16, "fields": {"name": "Can view user", "content_type": 4, "codename": "view_user"}}, {"model": "auth.permission", "pk": 17, "fields": {"name": "Can add content type", "content_type": 5, "codename": "add_contenttype"}}, {"model": "auth.permission", "pk": 18, "fields": {"name": "Can change content type", "content_type": 5, "codename": "change_contenttype"}}, {"model": "auth.permission", "pk": 19, "fields": {"name": "Can delete content type", "content_type": 5, "codename": "delete_contenttype"}}, {"model": "auth.permission", "pk": 20, "fields": {"name": "Can view content type", "content_type": 5, "codename": "view_contenttype"}}, {"model": "auth.permission", "pk": 21, "fields": {"name": "Can add session", "content_type": 6, "codename": "add_session"}}, {"model": "auth.permission", "pk": 22, "fields": {"name": "Can change session", "content_type": 6, "codename": "change_session"}}, {"model": "auth.permission", "pk": 23, "fields": {"name": "Can delete session", "content_type": 6, "codename": "delete_session"}}, {"model": "auth.permission", "pk": 24, "fields": {"name": "Can view session", "content_type": 6, "codename": "view_session"}}, {"model": "auth.permission", "pk": 25, "fields": {"name": "Can add stream platform", "content_type": 7, "codename": "add_streamplatform"}}, {"model": "auth.permission", "pk": 26, "fields": {"name": "Can change stream platform", "content_type": 7, "codename": "change_streamplatform"}}, {"model": "auth.permission", "pk": 27, "fields": {"name": "Can delete stream platform", "content_type": 7, "codename": "delete_streamplatform"}}, {"model": "auth.permission", "pk": 28, "fields": {"name": "Can view stream platform", "content_type": 7, "codename": "view_streamplatform"}}, {"model": "auth.permission", "pk": 29, "fields": {"name": "Can add review", "content_type": 8, "codename": "add_review"}}, {"model": "auth.permission", "pk": 30, "fields": {"name": "Can change review", "content_type": 8, "codename": "change_review"}}, {"model": "auth.permission", "pk": 31, "fields": {"name": "Can delete review", "content_type": 8, "codename": "delete_review"}}, {"model": "auth.permission", "pk": 32, "fields": {"name": "Can view review", "content_type": 8, "codename": "view_review"}}, {"model": "auth.permission", "pk": 33, "fields": {"name": "Can add movie", "content_type": 9, "codename": "add_movie"}}, {"model": "auth.permission", "pk": 34, "fields": {"name": "Can change movie", "content_type": 9, "codename": "change_movie"}}, {"model": "auth.permission", "pk": 35, "fields": {"name": "Can delete movie", "content_type": 9, "codename": "delete_movie"}}, {"model": "auth.permission", "pk": 36, "fields": {"name": "Can view movie", "content_type": 9, "codename": "view_movie"}}, {"model": "auth.permission", "pk": 37, "fields": {"name": "Can add Token", "content_type": 10, "codename": "add_token"}}, {"model": "auth.permission", "pk": 38, "fields": {"name": "Can change Token", "content_type": 10, "codename": "change_token"}}, {"model": "auth.permission", "pk": 39, "fields": {"name": "Can delete Token", "content_type": 10, "codename": "delete_token"}}, {"model": "auth.permission", "pk": 40, "fields": {"name": "Can view Token", "content_type": 10, "codename": "view_token"}}, {"model": "auth.permission", "pk": 41, "fields": {"name": "Can add token", "content_type": 11, "codename": "add_tokenproxy"}}, {"model": "auth.permission", "pk": 42, "fields": {"name": "Can change token", "content_type": 11, "codename": "change_tokenproxy"}}, {"model": "auth.permission", "pk": 43, "fields": {"name": "Can delete token", "content_type": 11, "codename": "delete_tokenproxy"}}, {"model": "auth.permission", "pk": 44, "fields": {"name": "Can view token", "content_type": 11, "codename": "view_tokenproxy"}}, {"model": "auth.permission", "pk": 45, "fields": {"name": "Can add movie", "content_type": 12, "codename": "add_movie"}}, {"model": "auth.permission", "pk": 46, "fields": {"name": "Can change movie", "content_type": 12, "codename": "change_movie"}}, {"model": "auth.permission", "pk": 47, "fields": {"name": "Can delete movie", "content_type": 12, "codename": "delete_movie"}}, {"model": "auth.permission", "pk": 48, "fields": {"name": "Can view movie", "content_type": 12, "codename": "view_movie"}}, {"model": "auth.permission", "pk": 49, "fields": {"name": "Can add review", "content_type": 13, "codename": "add_review"}}, {"model": "auth.permission", "pk": 50, "fields": {"name": "Can change review", "content_type": 13, "codename": "change_review"}}, {"model": "auth.permission", "pk": 51, "fields": {"name": "Can delete review", "content_type": 13, "codename": "delete_review"}}, {"model": "auth.permission", "pk": 52, "fields": {"name": "Can view review", "content_type": 13, "codename": "view_review"}}, {"model": "auth.permission", "pk": 53, "fields": {"name": "Can add stream platform", "content_type": 14, "codename": "add_streamplatform"}}, {"model": "auth.permission", "pk": 54, "fields": {"name": "Can change stream platform", "content_type": 14, "codename": "change_streamplatform"}}, {"model": "auth.permission", "pk": 55, "fields": {"name": "Can delete stream platform", "content_type": 14, "codename": "delete_streamplatform"}}, {"model": "auth.permission", "pk": 56, "fields": {"name": "Can view stream platform", "content_type": 14, "codename": "view_streamplatform"}}, {"model": "movie_app.user", "pk": 1, "fields": {"password": "pbkdf2_sha256$600000$ifiw0WulQDDGFvVqNscGiQ$iFX800+KcKVvgIVXCFUglt/i6x8jYW48+2gm+lZ1B+I=", "last_login": "2023-11-26T19:54:31.734Z", "is_superuser": true, "username": "admin", "first_name": "", "last_name": "", "email": "admin@admin.com", "is_staff": true, "is_active": true, "date_joined": "2023-11-04T23:54:42.214Z", "groups": [], "user_permissions": []}}, {"model": "movie_app.user", "pk": 2, "fields": {"password": "pbkdf2_sha256$600000$qZNaTPOFbQ6vDmKyvRJg7f$GAS53KdHrfz06CikHhAvyeZgP9an4liPl1NTf2V+XPw=", "last_login": null, "is_superuser": false, "username": "arefin", "first_name": "", "last_name": "", "email": "", "is_staff": false, "is_active": true, "date_joined": "2023-11-05T02:18:34Z", "groups": [], "user_permissions": []}}, {"model": "movie_app.user", "pk": 3, "fields": {"password": "pbkdf2_sha256$600000$9hMnKWzpkOvUyhoN1k5tYY$eFoya1td+/JnG32+1B4sG1iwFb971QFvVSDpCQstw8A=", "last_login": null, "is_superuser": false, "username": "fosteramy", "first_name": "", "last_name": "", "email": "norrisstephanie@example.com", "is_staff": false, "is_active": true, "date_joined": "2023-11-16T02:23:10.752Z", "groups": [], "user_permissions": []}}, {"model": "movie_app.user", "pk": 4, "fields": {"password": "pbkdf2_sha256$600000$dsNKTQN66ZO5Z6SI24cbEy$6V12NyYc/6h9Pr2FFCoAjshGXPc+npsjwIcRRPPLTqU=", "last_login": null, "is_superuser": false, "username": "tara02", "first_name": "", "last_name": "", "email": "sellersrobert@example.com", "is_staff": false, "is_active": true, "date_joined": "2023-11-16T02:23:10.986Z", "groups": [], "user_permissions": []}}, {"model": "movie_app.user", "pk": 5, "fields": {"password": "pbkdf2_sha256$600000$D0jKqG02PvhVQ0YQCwHrq6$pBClfc+DHUT1w+vBlOmcjOXv8TyhM2GSMnV3XqeDAPk=", "last_login": null, "is_superuser": false, "username": "rachelhenry", "first_name": "", "last_name": "", "email": "walterssharon@example.com", "is_staff": false, "is_active": true, "date_joined": "2023-11-16T02:23:11.251Z", "groups": [], "user_permissions": []}}, {"model": "movie_app.user", "pk": 6, "fields": {"password": "pbkdf2_sha256$600000$sOogNGw7WNb1xWpDHMYZoL$Gm3gaxY1ccmKOjlZzzrMfc/vxhRkrJo+Ln/CTCj4cuE=", "last_login": null, "is_superuser": false, "username": "kelly74", "first_name": "", "last_name": "", "email": "opatterson@example.com", "is_staff": false, "is_active": true, "date_joined": "2023-11-16T02:23:11.519Z", "groups": [], "user_permissions": []}}, {"model": "movie_app.user", "pk": 7, "fields": {"password": "pbkdf2_sha256$600000$jP56SlfOEtWtDAEGlGPUYl$LyoU0hNfNAHzZP+NnAaS9naAO4FsqUmZ68rJ88f1JtI=", "last_login": null, "is_superuser": false, "username": "ycollins", "first_name": "", "last_name": "", "email": "danielle29@example.org", "is_staff": false, "is_active": true, "date_joined": "2023-11-16T02:23:11.792Z", "groups": [], "user_permissions": []}}, {"model": "movie_app.user", "pk": 8, "fields": {"password": "pbkdf2_sha256$600000$lr1WLXeCicUE6XqNuAF2Ec$oK4ynU/ikPWmqzZoF2HSSWWurYc7b9Q1ak+pS9SzIcM=", "last_login": null, "is_superuser": false, "username": "melissa38", "first_name": "", "last_name": "", "email": "michael24@example.com", "is_staff": false, "is_active": true, "date_joined": "2023-11-16T02:29:20.155Z", "groups": [], "user_permissions": []}}, {"model": "movie_app.user", "pk": 9, "fields": {"password": "pbkdf2_sha256$600000$O7RjJn9oQeHOxXrGnimLmO$20GL04UzDygF80emGTkBGV2psJV9exDkojfWJ8E3Ks8=", "last_login": null, "is_superuser": false, "username": "helenoconnor", "first_name": "", "last_name": "", "email": "colemantracy@example.net", "is_staff": false, "is_active": true, "date_joined": "2023-11-16T02:29:20.388Z", "groups": [], "user_permissions": []}}, {"model": "movie_app.user", "pk": 10, "fields": {"password": "pbkdf2_sha256$600000$o9hLVQqkqJviRiT5QQ67sc$CX+Y27E+MkTYbplJqhvkgwueT6Y6vxsC1FJxXXoF2N4=", "last_login": null, "is_superuser": false, "username": "maryhodges", "first_name": "", "last_name": "", "email": "mmayo@example.net", "is_staff": false, "is_active": true, "date_joined": "2023-11-16T02:29:20.644Z", "groups": [], "user_permissions": []}}, {"model": "movie_app.user", "pk": 11, "fields": {"password": "pbkdf2_sha256$600000$0q8luqTgMRDOiUwQxtZgHH$3nazVBN3ADXkKv4gsBgQp/ljciPbX5Tl2blK9QoHQcE=", "last_login": null, "is_superuser": false, "username": "alicia21", "first_name": "", "last_name": "", "email": "anna25@example.org", "is_staff": false, "is_active": true, "date_joined": "2023-11-16T02:29:20.901Z", "groups": [], "user_permissions": []}}, {"model": "movie_app.user", "pk": 12, "fields": {"password": "pbkdf2_sha256$600000$hOzvT9htOSSJkZMODXGHRB$h8A279z1bB/aSgdb1lw/unsxzCK6TmCaJ/Smy6O36XQ=", "last_login": null, "is_superuser": false, "username": "hoganheather", "first_name": "", "last_name": "", "email": "howardtonya@example.com", "is_staff": false, "is_active": true, "date_joined": "2023-11-16T02:29:21.156Z", "groups": [], "user_permissions": []}}, {"model": "movie_app.user", "pk": 13, "fields": {"password": "pbkdf2_sha256$600000$TRv9PLBdkwL2zJYimSFhkJ$jXMf2M6D1vkvTkDh2gGX53AFPHWCzGpkrLALNpg+VyU=", "last_login": null, "is_superuser": false, "username": "mary13", "first_name": "", "last_name": "", "email": "jefferyhendricks@example.org", "is_staff": false, "is_active": true, "date_joined": "2023-11-16T02:29:39.798Z", "groups": [], "user_permissions": []}}, {"model": "movie_app.user", "pk": 14, "fields": {"password": "pbkdf2_sha256$600000$UAguB1HCetcvE07Gh5ZZ8q$iGkRTXHSapACkVtQAcXZB0ac7Y3v8WeVVPLPoA6eOr4=", "last_login": null, "is_superuser": false, "username": "jackie65", "first_name": "", "last_name": "", "email": "brookejohnson@example.org", "is_staff": false, "is_active": true, "date_joined": "2023-11-16T02:29:40.046Z", "groups": [], "user_permissions": []}}, {"model": "movie_app.user", "pk": 15, "fields": {"password": "pbkdf2_sha256$600000$hg2gGKehY6FGc0SzZoLM4x$KXgzJI+kn1pfU9LZmu6c1csZSx4k2sfy59IkHtLokag=", "last_login": null, "is_superuser": false, "username": "gentrymatthew", "first_name": "", "last_name": "", "email": "erin31@example.org", "is_staff": false, "is_active": true, "date_joined": "2023-11-16T02:29:40.313Z", "groups": [], "user_permissions": []}}, {"model": "movie_app.user", "pk": 16, "fields": {"password": "pbkdf2_sha256$600000$TEWRk5DO1nBB5q8iBJpVEq$TVbRYxtZSj36mJlitEAttzhw1RDcFa/eCxDq6ikzL9Y=", "last_login": null, "is_superuser": false, "username": "timothy52", "first_name": "", "last_name": "", "email": "madisonhensley@example.net", "is_staff": false, "is_active": true, "date_joined": "2023-11-16T02:29:40.611Z", "groups": [], "user_permissions": []}}, {"model": "movie_app.user", "pk": 17, "fields": {"password": "pbkdf2_sha256$600000$oE0Oj4y5GZBi1Q8KPafiVW$ZwZ6J+GVjjuV5Kak87rmGW+qN2A4/KWLHTRsd//olpU=", "last_login": null, "is_superuser": false, "username": "sheltonbrian", "first_name": "", "last_name": "", "email": "markjackson@example.org", "is_staff": false, "is_active": true, "date_joined": "2023-11-16T02:29:40.914Z", "groups": [], "user_permissions": []}}, {"model": "movie_app.user", "pk": 18, "fields": {"password": "pbkdf2_sha256$600000$LPRPUGA3o4Zr1ih0KCg4It$llrV+jWXhHijaUsG5RdMaOSRsLGRFLpkWUlm1RTIwXo=", "last_login": null, "is_superuser": false, "username": "cwatson", "first_name": "", "last_name": "", "email": "ashleyaguirre@example.org", "is_staff": false, "is_active": true, "date_joined": "2023-11-16T02:30:47.581Z", "groups": [], "user_permissions": []}}, {"model": "movie_app.user", "pk": 19, "fields": {"password": "pbkdf2_sha256$600000$G5OQrOamzkQJmzs58wkf38$A4QQpcciXQlVqxydzjaqRcpMCtJYBYX/oSNGy++bQz4=", "last_login": null, "is_superuser": false, "username": "beth54", "first_name": "", "last_name": "", "email": "bfrancis@example.org", "is_staff": false, "is_active": true, "date_joined": "2023-11-16T02:30:47.838Z", "groups": [], "user_permissions": []}}, {"model": "movie_app.user", "pk": 20, "fields": {"password": "pbkdf2_sha256$600000$sMoF2dKxV4i6ajGR1jRkZb$IVQOUB6jips1D50akTYnUjsHsR3xzAXQxr8Fue3lLlY=", "last_login": null, "is_superuser": false, "username": "nealperry", "first_name": "", "last_name": "", "email": "aandrade@example.org", "is_staff": false, "is_active": true, "date_joined": "2023-11-16T02:30:48.118Z", "groups": [], "user_permissions": []}}, {"model": "movie_app.user", "pk": 21, "fields": {"password": "pbkdf2_sha256$600000$8BYpEHudkreJxPIWkQVOQz$GyJihUZusN3RKxB+fYmlS60EOxALrprDL4LFgvALKbI=", "last_login": null, "is_superuser": false, "username": "ksalazar", "first_name": "", "last_name": "", "email": "shannonholmes@example.com", "is_staff": false, "is_active": true, "date_joined": "2023-11-16T02:30:48.411Z", "groups": [], "user_permissions": []}}, {"model": "movie_app.user", "pk": 22, "fields": {"password": "pbkdf2_sha256$600000$bBhedjUMMmL3KjO5J7A4Po$L4+MPUsHugbAJij++RKYJjxwBTjnlcq9Fwl24xg7oR0=", "last_login": null, "is_superuser": false, "username": "melissanorman", "first_name": "", "last_name": "", "email": "williamsdonald@example.com", "is_staff": false, "is_active": true, "date_joined": "2023-11-16T02:30:48.726Z", "groups": [], "user_permissions": []}}, {"model": "movie_app.user", "pk": 23, "fields": {"password": "", "last_login": null, "is_superuser": false, "username": "shamsul", "first_name": "", "last_name": "", "email": "shamsul@gmail.com", "is_staff": false, "is_active": true, "date_joined": "2023-11-26T18:54:30.711Z", "groups": [], "user_permissions": []}}, {"model": "movie_app.user", "pk": 24, "fields": {"password": "", "last_login": null, "is_superuser": false, "username": "shamsul50", "first_name": "", "last_name": "", "email": "shamsul51@gmail.com", "is_staff": false, "is_active": true, "date_joined": "2023-11-26T19:08:54.231Z", "groups": [], "user_permissions": []}}, {"model": "movie_app.user", "pk": 25, "fields": {"password": "", "last_login": null, "is_superuser": false, "username": "shamsul51", "first_name": "", "last_name": "", "email": "shamsul52@gmail.com", "is_staff": false, "is_active": true, "date_joined": "2023-11-26T19:09:53.979Z", "groups": [], "user_permissions": []}}, {"model": "movie_app.user", "pk": 26, "fields": {"password": "", "last_login": null, "is_superuser": false, "username": "shamsul56", "first_name": "", "last_name": "", "email": "shamsul57@gmail.com", "is_staff": false, "is_active": true, "date_joined": "2023-11-26T19:16:37.024Z", "groups": [], "user_permissions": []}}, {"model": "movie_app.user", "pk": 27, "fields": {"password": "", "last_login": null, "is_superuser": false, "username": "shamsul57", "first_name": "", "last_name": "", "email": "shamsul58@gmail.com", "is_staff": false, "is_active": true, "date_joined": "2023-11-26T19:20:51.783Z", "groups": [], "user_permissions": []}}, {"model": "movie_app.user", "pk": 28, "fields": {"password": "", "last_login": null, "is_superuser": false, "username": "sajib60", "first_name": "", "last_name": "", "email": "sajib60@gmail.com", "is_staff": false, "is_active": true, "date_joined": "2023-11-26T19:52:49.339Z", "groups": [], "user_permissions": []}}, {"model": "movie_app.user", "pk": 29, "fields": {"password": "", "last_login": null, "is_superuser": false, "username": "stephen", "first_name": "", "last_name": "", "email": "stephen@gmail.com", "is_staff": false, "is_active": true, "date_joined": "2023-12-02T23:03:40.791Z", "groups": [], "user_permissions": []}}, {"model": "movie_app.user", "pk": 30, "fields": {"password": "", "last_login": null, "is_superuser": false, "username": "shamsul1", "first_name": "", "last_name": "", "email": "shamsul1@gmail.com", "is_staff": false, "is_active": true, "date_joined": "2023-12-11T22:47:38.064Z", "groups": [], "user_permissions": []}}, {"model": "movie_app.user", "pk": 31, "fields": {"password": "", "last_login": null, "is_superuser": false, "username": "shamsul6", "first_name": "", "last_name": "", "email": "shamsul6@gmail.com", "is_staff": false, "is_active": true, "date_joined": "2023-12-16T07:13:02.535Z", "groups": [], "user_permissions": []}}, {"model": "movie_app.user", "pk": 32, "fields": {"password": "", "last_login": null, "is_superuser": false, "username": "shamsul8", "first_name": "", "last_name": "", "email": "shamsul6@gmail.com", "is_staff": false, "is_active": true, "date_joined": "2023-12-16T07:13:02.666Z", "groups": [], "user_permissions": []}}, {"model": "movie_app.user", "pk": 33, "fields": {"password": "", "last_login": null, "is_superuser": false, "username": "shamsul52", "first_name": "", "last_name": "", "email": "shamsul53@gmail.com", "is_staff": false, "is_active": true, "date_joined": "2023-12-16T07:13:02.920Z", "groups": [], "user_permissions": []}}, {"model": "movie_app.user", "pk": 34, "fields": {"password": "", "last_login": null, "is_superuser": false, "username": "shamsul53", "first_name": "", "last_name": "", "email": "shamsul54@gmail.com", "is_staff": false, "is_active": true, "date_joined": "2023-12-16T07:13:03.046Z", "groups": [], "user_permissions": []}}, {"model": "movie_app.user", "pk": 35, "fields": {"password": "", "last_login": null, "is_superuser": false, "username": "shamsul54", "first_name": "", "last_name": "", "email": "shamsul55@gmail.com", "is_staff": false, "is_active": true, "date_joined": "2023-12-16T07:13:03.174Z", "groups": [], "user_permissions": []}}, {"model": "movie_app.user", "pk": 36, "fields": {"password": "", "last_login": null, "is_superuser": false, "username": "shamsul55", "first_name": "", "last_name": "", "email": "shamsul56@gmail.com", "is_staff": false, "is_active": true, "date_joined": "2023-12-16T07:13:03.307Z", "groups": [], "user_permissions": []}}, {"model": "contenttypes.contenttype", "pk": 1, "fields": {"app_label": "admin", "model": "logentry"}}, {"model": "contenttypes.contenttype", "pk": 2, "fields": {"app_label": "auth", "model": "permission"}}, {"model": "contenttypes.contenttype", "pk": 3, "fields": {"app_label": "auth", "model": "group"}}, {"model": "contenttypes.contenttype", "pk": 4, "fields": {"app_label": "auth", "model": "user"}}, {"model": "contenttypes.contenttype", "pk": 5, "fields": {"app_label": "contenttypes", "model": "contenttype"}}, {"model": "contenttypes.contenttype", "pk": 6, "fields": {"app_label": "sessions", "model": "session"}}, {"model": "contenttypes.contenttype", "pk": 7, "fields": {"app_label": "watchlist_app", "model": "streamplatform"}}, {"model": "contenttypes.contenttype", "pk": 8, "fields": {"app_label": "watchlist_app", "model": "review"}}, {"model": "contenttypes.contenttype", "pk": 9, "fields": {"app_label": "watchlist_app", "model": "movie"}}, {"model": "contenttypes.contenttype", "pk": 10, "fields": {"app_label": "authtoken", "model": "token"}}, {"model": "contenttypes.contenttype", "pk": 11, "fields": {"app_label": "authtoken", "model": "tokenproxy"}}, {"model": "contenttypes.contenttype", "pk": 12, "fields": {"app_label": "movie_app", "model": "movie"}}, {"model": "contenttypes.contenttype", "pk": 13, "fields": {"app_label": "movie_app", "model": "review"}}, {"model": "contenttypes.contenttype", "pk": 14, "fields": {"app_label": "movie_app", "model": "streamplatform"}}, {"model": "sessions.session", "pk": "1kxqah3u2xnxxcny91q1hl8whrp71e49", "fields": {"session_data": ".eJxVjDsOwjAQBe_iGllef8ChpOcM0a53jQPIluKkQtwdIqWA9s3Me6kR16WMa5d5nFidFajD70aYHlI3wHest6ZTq8s8kd4UvdOur43ledndv4OCvXzrhNkD-ywobrDMLpMd0BgfTRBw1mU5womy8cFBIuIYLSbvADNa8EG9PwD4ODw:1qzQTX:rVkiaJJmcnwlNjs1iJQDSv8mJaWeIFl6g8JmObgYQQY", "expire_date": "2023-11-18T23:54:47.725Z"}}, {"model": "sessions.session", "pk": "hi07raeg0vj08gfso1so2ezwbmy8cjla", "fields": {"session_data": ".eJxVjDsOwjAQBe_iGllef8ChpOcM0a53jQPIluKkQtwdIqWA9s3Me6kR16WMa5d5nFidFajD70aYHlI3wHest6ZTq8s8kd4UvdOur43ledndv4OCvXzrhNkD-ywobrDMLpMd0BgfTRBw1mU5womy8cFBIuIYLSbvADNa8EG9PwD4ODw:1r7LAa:mzBB__x0O7jedVW9WHUAsyPfuxZXqG8IXYa9cGRGITo", "expire_date": "2023-12-10T19:51:56.821Z"}}, {"model": "sessions.session", "pk": "m61rvn6cts53z1og2k0fq19169w86u7h", "fields": {"session_data": ".eJxVjDsOwjAQBe_iGllef8ChpOcM0a53jQPIluKkQtwdIqWA9s3Me6kR16WMa5d5nFidFajD70aYHlI3wHest6ZTq8s8kd4UvdOur43ledndv4OCvXzrhNkD-ywobrDMLpMd0BgfTRBw1mU5womy8cFBIuIYLSbvADNa8EG9PwD4ODw:1r3RpJ:5T8ty4bpRQNknYbqEWPl2-i7WiVpi4BEFbhbPEMp9jw", "expire_date": "2023-11-30T02:09:53.182Z"}}, {"model": "sessions.session", "pk": "ya94kp5ohg1k2qzoanxyslui4oo7px5l", "fields": {"session_data": ".eJxVjDsOwjAQBe_iGllef8ChpOcM0a53jQPIluKkQtwdIqWA9s3Me6kR16WMa5d5nFidFajD70aYHlI3wHest6ZTq8s8kd4UvdOur43ledndv4OCvXzrhNkD-ywobrDMLpMd0BgfTRBw1mU5womy8cFBIuIYLSbvADNa8EG9PwD4ODw:1r7LD5:6ZSW_adlqhdkfj9RL_k5M8iXdir_26uK4RoP5m9iU7M", "expire_date": "2023-12-10T19:54:31.878Z"}}, {"model": "movie_app.streamplatform", "pk": 6, "fields": {"name": "heavy", "about": "After culture of consumer interesting along. Story add east method few without. Low direction behind choose art.\nStay happen always.\nPull indicate economy race citizen. Already production around.", "website": "http://www.rodriguez-robinson.org/"}}, {"model": "movie_app.streamplatform", "pk": 7, "fields": {"name": "education", "about": "Money phone painting receive pass financial letter.\nSet art floor nearly consumer time political. Thing tax bag relationship total. Prepare none growth.", "website": "https://smith-cohen.com/"}}, {"model": "movie_app.streamplatform", "pk": 8, "fields": {"name": "suffer", "about": "Professor note no college herself price. If policy alone.\nChance attention decade maintain. Occur building indicate road receive response. Big occur wide second opportunity interesting.", "website": "http://dorsey-taylor.com/"}}, {"model": "movie_app.streamplatform", "pk": 9, "fields": {"name": "require", "about": "Help time fill. News high stay heart keep. Check music tree right section live.", "website": "http://www.martin.com/"}}, {"model": "movie_app.streamplatform", "pk": 10, "fields": {"name": "during", "about": "Receive total rather kid. Necessary foot clearly. Star form executive argue even. Local feel movement finish important into protect movement.", "website": "http://jenkins.net/"}}, {"model": "movie_app.streamplatform", "pk": 11, "fields": {"name": "up", "about": "Study movie act mind where smile score. Energy have almost line indeed. Then fast world talk region.\nPage whatever set worker. Technology people manage interview magazine girl hope. Car person media.", "website": "http://scott-skinner.com/"}}, {"model": "movie_app.streamplatform", "pk": 12, "fields": {"name": "newspaper", "about": "Court leave maybe. Degree open campaign run table maybe yet.\nForeign hundred claim stay and onto. Offer kid article across us good school member.", "website": "https://www.wilson.net/"}}, {"model": "movie_app.streamplatform", "pk": 13, "fields": {"name": "fire", "about": "Attention notice star rise improve no author. Major affect wall every. Long travel part center she realize ten.", "website": "https://www.berry.com/"}}, {"model": "movie_app.streamplatform", "pk": 14, "fields": {"name": "American", "about": "Whatever official without really mind situation do. Onto then with same between best item build. Result around positive fill what choice central.", "website": "http://montgomery.com/"}}, {"model": "movie_app.streamplatform", "pk": 15, "fields": {"name": "policy", "about": "Direction stop instead most participant scene amount. Fight hand itself between cost.\nTax several central view. Resource real expert else tree determine.", "website": "http://lewis.net/"}}, {"model": "movie_app.streamplatform", "pk": 16, "fields": {"name": "society", "about": "Newspaper discover wrong behavior citizen conference easy. Computer only against clearly range risk.\nThought thought let fight. Area walk short theory simply here fear.", "website": "https://www.parker.com/"}}, {"model": "movie_app.streamplatform", "pk": 17, "fields": {"name": "computer", "about": "Lot full thought poor note. Character and media.\nEarly boy again sign site market. Establish do team then laugh within very. Energy people have scientist parent.", "website": "http://martin-harrison.com/"}}, {"model": "movie_app.movie", "pk": 22, "fields": {"title": "Help reason world recognize director.", "storyline": "Allow century no long staff onto management. Edge president far left want figure side. Pass week she address test.\nLand rich ball beyond. Learn into attack.", "platform": 16, "active": true, "created": "2023-11-16T02:30:49.082Z", "avg_rating": "4.43", "number_rating": 87}}, {"model": "movie_app.movie", "pk": 23, "fields": {"title": "Impact whole talk feeling manage source perhaps.", "storyline": "Worry than recent return main late war. Style hope respond ten company ten. Along during answer project stand method.", "platform": 15, "active": true, "created": "2023-11-16T02:30:49.151Z", "avg_rating": "0.34", "number_rating": 62}}, {"model": "movie_app.movie", "pk": 24, "fields": {"title": "Full Republican we which couple son coach.", "storyline": "Very matter name over want. Finally nice science kid.\nSport room floor pretty both discussion.\nHuge move seek money fly more do. Everyone tell trip mouth. Group lawyer loss wife.", "platform": 16, "active": true, "created": "2023-11-16T02:30:49.236Z", "avg_rating": "1.54", "number_rating": 73}}, {"model": "movie_app.movie", "pk": 25, "fields": {"title": "Look economic model.", "storyline": "Last husband season hold song spend. Painting speech heart everybody miss something. Hit against chance.\nNew support where between must. Artist room argue state. Wide shoulder land whatever training.", "platform": 17, "active": true, "created": "2023-11-16T02:30:49.319Z", "avg_rating": "2.55", "number_rating": 28}}, {"model": "movie_app.movie", "pk": 26, "fields": {"title": "Morning name floor others.", "storyline": "Summer stay ability prevent task even piece. Establish we pay coach exist miss.\nHear card box skill lead understand seat. Open mission kid determine.", "platform": 15, "active": true, "created": "2023-11-16T02:30:49.389Z", "avg_rating": "4.81", "number_rating": 68}}, {"model": "movie_app.movie", "pk": 27, "fields": {"title": "Not name special government experience year.", "storyline": "Among summer should move account. Mother wind fine energy. Stuff just girl drug.\nLine some event do hope mention. Child statement determine feeling drive new. Wonder tough west serious.", "platform": 14, "active": true, "created": "2023-11-16T02:30:49.457Z", "avg_rating": "1.21", "number_rating": 75}}, {"model": "movie_app.movie", "pk": 28, "fields": {"title": "Should herself page material.", "storyline": "Beautiful training inside. Business painting especially game include theory. Future few candidate imagine.", "platform": 16, "active": true, "created": "2023-11-16T02:30:49.524Z", "avg_rating": "3.38", "number_rating": 66}}, {"model": "movie_app.movie", "pk": 29, "fields": {"title": "Catch second trade office itself yes her.", "storyline": "Truth sell training you already just information. Cold treatment receive off spring sit.", "platform": 15, "active": true, "created": "2023-11-16T02:30:49.610Z", "avg_rating": "2.55", "number_rating": 50}}, {"model": "movie_app.movie", "pk": 30, "fields": {"title": "Share your piece.", "storyline": "Seat item raise prepare future often. Hard form argue choice we.\nAnyone throughout statement security. Religious PM consider house her. Design station serious box.", "platform": 17, "active": true, "created": "2023-11-16T02:30:49.723Z", "avg_rating": "2.25", "number_rating": 86}}, {"model": "movie_app.movie", "pk": 31, "fields": {"title": "Somebody research about someone issue.", "storyline": "Gun bill help choose sister show and. Decade policy kitchen only. International visit baby resource while hundred toward and.", "platform": 16, "active": true, "created": "2023-11-16T02:30:49.804Z", "avg_rating": "4.77", "number_rating": 83}}, {"model": "movie_app.movie", "pk": 32, "fields": {"title": "Several find former matter threat never.", "storyline": "Allow control whose born that fly political. Her between quite research glass friend. Ok feeling manager stay.\nMajority whose position big raise table. Cold quality contain.", "platform": 16, "active": true, "created": "2023-11-16T02:30:49.884Z", "avg_rating": "2.90", "number_rating": 75}}, {"model": "movie_app.movie", "pk": 33, "fields": {"title": "Year model talk question nothing president.", "storyline": "Military school happy per his. Its successful want parent well. Also general success instead. Shake window sense draw high young agent.", "platform": 15, "active": true, "created": "2023-11-16T02:30:49.965Z", "avg_rating": "1.92", "number_rating": 83}}, {"model": "movie_app.movie", "pk": 34, "fields": {"title": "Design modern benefit light sometimes chair power large.", "storyline": "Upon service fear support. Scientist morning fear account nothing experience far lot.\nWall store test. Power lay top write explain impact. Large house executive exactly pay.", "platform": 14, "active": true, "created": "2023-11-16T02:30:50.054Z", "avg_rating": "4.41", "number_rating": 37}}, {"model": "movie_app.movie", "pk": 35, "fields": {"title": "Determine type most computer attack Republican.", "storyline": "Your hospital purpose difficult should difference. Seem hard eat probably above brother onto.\nAct road very senior. Reveal finally door quite capital build many what.", "platform": 17, "active": true, "created": "2023-11-16T02:30:50.142Z", "avg_rating": "1.23", "number_rating": 69}}, {"model": "movie_app.movie", "pk": 36, "fields": {"title": "Southern fact see clear.", "storyline": "Happen he sure true try. Represent some spring less bring election public. Week offer worker important.", "platform": 15, "active": true, "created": "2023-11-16T02:30:50.211Z", "avg_rating": "0.34", "number_rating": 41}}, {"model": "movie_app.movie", "pk": 37, "fields": {"title": "Trouble street smile although try degree lay medical.", "storyline": "The ahead night very size quite. Animal former stock top break manager. Room tell wife others ten.\nHappy production air defense. Continue station fall purpose. Rock quite civil task dark pressure.", "platform": 14, "active": true, "created": "2023-11-16T02:30:50.280Z", "avg_rating": "1.04", "number_rating": 92}}, {"model": "movie_app.movie", "pk": 38, "fields": {"title": "Resource if notice adult.", "storyline": "Door serve little individual parent deal. Care suddenly already. Game measure keep picture.\nOnto skin modern trade skill. Modern discussion wrong middle.", "platform": 15, "active": true, "created": "2023-11-16T02:30:50.348Z", "avg_rating": "3.73", "number_rating": 24}}, {"model": "movie_app.movie", "pk": 39, "fields": {"title": "Thank short big increase community by.", "storyline": "Against peace region bar cup big. None officer military recently record people everyone. Experience before feeling.", "platform": 15, "active": true, "created": "2023-11-16T02:30:50.435Z", "avg_rating": "4.01", "number_rating": 30}}, {"model": "movie_app.movie", "pk": 40, "fields": {"title": "Control would cost something probably program lay.", "storyline": "Serve throughout magazine trouble.\nSource life add either ball young during. Explain marriage perhaps pass. Laugh down defense remember within.", "platform": 16, "active": true, "created": "2023-11-16T02:30:50.522Z", "avg_rating": "0.00", "number_rating": 80}}, {"model": "movie_app.movie", "pk": 41, "fields": {"title": "Cut kind next career especially throw.", "storyline": "Use along still assume. People season explain. Your way woman never collection contain face.\nOnto sing arrive Republican.", "platform": 14, "active": true, "created": "2023-11-16T02:30:50.811Z", "avg_rating": "4.75", "number_rating": 92}}, {"model": "movie_app.review", "pk": 62, "fields": {"review_user": 21, "rating": 4, "description": "Relationship prepare sort standard fact program hear moment. Act instead thousand share.\nCondition skin sing upon I listen nature. Receive feel couple. Pull affect say of billion plant.", "active": true, "movie": 22, "created": "2023-11-16T02:30:49.099Z", "update": "2023-11-16T02:30:49.099Z"}}, {"model": "movie_app.review", "pk": 63, "fields": {"review_user": 18, "rating": 1, "description": "Start operation shoulder leader near. Near whatever including money home return change give. Tough fund network five public three cost. Relate language never again move concern.", "active": true, "movie": 22, "created": "2023-11-16T02:30:49.117Z", "update": "2023-11-16T02:30:49.117Z"}}, {"model": "movie_app.review", "pk": 64, "fields": {"review_user": 20, "rating": 3, "description": "Professor after whatever. Same yeah support know meet draw probably.", "active": true, "movie": 22, "created": "2023-11-16T02:30:49.134Z", "update": "2023-11-16T02:30:49.134Z"}}, {"model": "movie_app.review", "pk": 65, "fields": {"review_user": 20, "rating": 5, "description": "No trouble occur her result explain help indeed. See conference accept still. Create ball painting ask professor anyone care.", "active": true, "movie": 23, "created": "2023-11-16T02:30:49.167Z", "update": "2023-11-16T02:30:49.167Z"}}, {"model": "movie_app.review", "pk": 66, "fields": {"review_user": 20, "rating": 2, "description": "Skin garden heart late this doctor. Result to read term firm physical sister. Receive success measure might.\nIndividual conference low city every whether. Thought single share.", "active": true, "movie": 23, "created": "2023-11-16T02:30:49.187Z", "update": "2023-11-16T02:30:49.187Z"}}, {"model": "movie_app.review", "pk": 67, "fields": {"review_user": 20, "rating": 5, "description": "A drug yard about similar. Fish voice allow debate ball else. Then quite before piece.\nClear by account can grow. Form nice mind.", "active": true, "movie": 23, "created": "2023-11-16T02:30:49.214Z", "update": "2023-11-16T02:30:49.214Z"}}, {"model": "movie_app.review", "pk": 68, "fields": {"review_user": 21, "rating": 1, "description": "Particular draw again blue rise father. To through certain mouth. East theory nation staff window occur.\nFor throw happy soldier current quality better. Sell important factor happen affect reveal.", "active": true, "movie": 24, "created": "2023-11-16T02:30:49.256Z", "update": "2023-11-16T02:30:49.257Z"}}, {"model": "movie_app.review", "pk": 69, "fields": {"review_user": 21, "rating": 3, "description": "Forget treatment author art politics growth read political. Trial return even many whole owner. Minute perform resource growth best president.", "active": true, "movie": 24, "created": "2023-11-16T02:30:49.277Z", "update": "2023-11-16T02:30:49.278Z"}}, {"model": "movie_app.review", "pk": 70, "fields": {"review_user": 18, "rating": 5, "description": "Sometimes table example campaign plant almost. We next mean pretty allow mouth walk. Certainly hand with here with.\nPhone develop moment myself. Marriage final film.", "active": true, "movie": 24, "created": "2023-11-16T02:30:49.299Z", "update": "2023-11-16T02:30:49.299Z"}}, {"model": "movie_app.review", "pk": 71, "fields": {"review_user": 22, "rating": 4, "description": "Whom half state baby. Third actually garden Mrs reality early start. Form really have from yourself defense several community.\nCut three take very raise. Sure light difference move modern interview.", "active": true, "movie": 25, "created": "2023-11-16T02:30:49.336Z", "update": "2023-11-16T02:30:49.336Z"}}, {"model": "movie_app.review", "pk": 72, "fields": {"review_user": 21, "rating": 3, "description": "Year cost teach energy focus if many. Head glass need region you task.\nMoment knowledge task. Lawyer future sense figure few.", "active": true, "movie": 25, "created": "2023-11-16T02:30:49.353Z", "update": "2023-11-16T02:30:49.353Z"}}, {"model": "movie_app.review", "pk": 73, "fields": {"review_user": 22, "rating": 5, "description": "Myself type key page suddenly a. Describe second easy statement.\nPull face natural rock moment step. Send beat national wait bed.\nMovie like ability night life stock himself. Send pick drop.", "active": true, "movie": 25, "created": "2023-11-16T02:30:49.370Z", "update": "2023-11-16T02:30:49.370Z"}}, {"model": "movie_app.review", "pk": 74, "fields": {"review_user": 22, "rating": 2, "description": "City political nearly mind. Those dark leg investment Mrs nothing who learn.\nCulture garden she ask part single spend professor. Ago left appear teach glass former. Success beat Congress part away.", "active": true, "movie": 26, "created": "2023-11-16T02:30:49.406Z", "update": "2023-11-16T02:30:49.406Z"}}, {"model": "movie_app.review", "pk": 75, "fields": {"review_user": 18, "rating": 5, "description": "Mr mention care great them feel center. Suddenly size animal near structure party movement off. Kid situation itself return short.\nPrevent it position scientist win watch.", "active": true, "movie": 26, "created": "2023-11-16T02:30:49.424Z", "update": "2023-11-16T02:30:49.424Z"}}, {"model": "movie_app.review", "pk": 76, "fields": {"review_user": 21, "rating": 5, "description": "Question dog bar chance. Mission quite alone hot beyond follow. Allow down to raise possible. Dream floor white be Democrat head recognize.", "active": true, "movie": 26, "created": "2023-11-16T02:30:49.441Z", "update": "2023-11-16T02:30:49.441Z"}}, {"model": "movie_app.review", "pk": 77, "fields": {"review_user": 18, "rating": 2, "description": "Probably might party dream. Military someone yet red suggest part. Perform kitchen son seat.\nTrip statement rest address particular man prepare. Third early say.", "active": true, "movie": 27, "created": "2023-11-16T02:30:49.473Z", "update": "2023-11-16T02:30:49.473Z"}}, {"model": "movie_app.review", "pk": 78, "fields": {"review_user": 22, "rating": 2, "description": "Policy town on effort lot field. Price force machine party place.\nBlue thought serve piece name rock since. Thought kitchen treatment watch event.", "active": true, "movie": 27, "created": "2023-11-16T02:30:49.490Z", "update": "2023-11-16T02:30:49.490Z"}}, {"model": "movie_app.review", "pk": 79, "fields": {"review_user": 21, "rating": 4, "description": "Too sign money idea operation direction good. Laugh southern hospital. Different report soon discover. Field into a until miss high.", "active": true, "movie": 27, "created": "2023-11-16T02:30:49.507Z", "update": "2023-11-16T02:30:49.507Z"}}, {"model": "movie_app.review", "pk": 80, "fields": {"review_user": 18, "rating": 5, "description": "Girl product voice show.\nPick toward loss. Trip laugh including almost. Trial south bank himself.\nBillion different situation follow environment song go. Send activity too draw enjoy.", "active": true, "movie": 28, "created": "2023-11-16T02:30:49.542Z", "update": "2023-11-16T02:30:49.542Z"}}, {"model": "movie_app.review", "pk": 81, "fields": {"review_user": 21, "rating": 2, "description": "Season follow across water research performance town. Until style water middle remain store. So short physical simply. High parent to wife chair.", "active": true, "movie": 28, "created": "2023-11-16T02:30:49.562Z", "update": "2023-11-16T02:30:49.562Z"}}, {"model": "movie_app.review", "pk": 82, "fields": {"review_user": 19, "rating": 3, "description": "Else cell media although easy husband move. Something expect cell safe mouth hand.\nHand also card view finish against. Hospital onto measure.", "active": true, "movie": 28, "created": "2023-11-16T02:30:49.582Z", "update": "2023-11-16T02:30:49.582Z"}}, {"model": "movie_app.review", "pk": 83, "fields": {"review_user": 20, "rating": 2, "description": "Ever my recent. Be clear agreement read movie common. Total quality ok lay.\nDiscuss someone already which. Operation win blue writer type special want.", "active": true, "movie": 29, "created": "2023-11-16T02:30:49.643Z", "update": "2023-11-16T02:30:49.643Z"}}, {"model": "movie_app.review", "pk": 84, "fields": {"review_user": 18, "rating": 2, "description": "Choice goal response true large.\nNew our scene standard throw beyond. Office call serve responsibility stand edge. National good argue hand away west task.", "active": true, "movie": 29, "created": "2023-11-16T02:30:49.677Z", "update": "2023-11-16T02:30:49.677Z"}}, {"model": "movie_app.review", "pk": 85, "fields": {"review_user": 18, "rating": 4, "description": "Near low especially three art wish message protect. Rich account relate six own.\nMusic daughter approach. Start experience off people produce. Nation section recently her position nation.", "active": true, "movie": 29, "created": "2023-11-16T02:30:49.701Z", "update": "2023-11-16T02:30:49.701Z"}}, {"model": "movie_app.review", "pk": 86, "fields": {"review_user": 20, "rating": 1, "description": "Simple successful throughout spring major. Tonight organization minute certain kind.\nPull standard off. Turn hot note year power maintain space beautiful. Author language policy contain product room.", "active": true, "movie": 30, "created": "2023-11-16T02:30:49.744Z", "update": "2023-11-16T02:30:49.745Z"}}, {"model": "movie_app.review", "pk": 87, "fields": {"review_user": 22, "rating": 3, "description": "Wind society avoid view general recognize. Memory product next personal task reality cup.", "active": true, "movie": 30, "created": "2023-11-16T02:30:49.767Z", "update": "2023-11-16T02:30:49.767Z"}}, {"model": "movie_app.review", "pk": 88, "fields": {"review_user": 18, "rating": 3, "description": "Bit end time clearly. Back really almost dog. Eight city identify it before.", "active": true, "movie": 30, "created": "2023-11-16T02:30:49.785Z", "update": "2023-11-16T02:30:49.785Z"}}, {"model": "movie_app.review", "pk": 89, "fields": {"review_user": 20, "rating": 1, "description": "Someone side author. Itself growth audience statement. Rich dog article contain meeting reflect those.", "active": true, "movie": 31, "created": "2023-11-16T02:30:49.822Z", "update": "2023-11-16T02:30:49.822Z"}}, {"model": "movie_app.review", "pk": 90, "fields": {"review_user": 22, "rating": 3, "description": "The ahead always change back letter protect. Generation science investment require edge toward.\nForward loss city side Mrs front still. Carry per store authority. Act type baby establish body.", "active": true, "movie": 31, "created": "2023-11-16T02:30:49.840Z", "update": "2023-11-16T02:30:49.840Z"}}, {"model": "movie_app.review", "pk": 91, "fields": {"review_user": 21, "rating": 3, "description": "Either thing indeed her customer. Approach among above government ask color save.\nPass wear close about. Recently history role over.", "active": true, "movie": 31, "created": "2023-11-16T02:30:49.860Z", "update": "2023-11-16T02:30:49.860Z"}}, {"model": "movie_app.review", "pk": 92, "fields": {"review_user": 22, "rating": 2, "description": "Oil act sea old answer. Ground leave here though process final while season.\nWithin traditional ask truth hot no. Individual bring argue board include very. Parent doctor car drug foot single.", "active": true, "movie": 32, "created": "2023-11-16T02:30:49.905Z", "update": "2023-11-16T02:30:49.905Z"}}, {"model": "movie_app.review", "pk": 93, "fields": {"review_user": 20, "rating": 5, "description": "Question student bad start kitchen popular test voice. Training state return power scientist. About but manage prepare standard page yes.", "active": true, "movie": 32, "created": "2023-11-16T02:30:49.926Z", "update": "2023-11-16T02:30:49.926Z"}}, {"model": "movie_app.review", "pk": 94, "fields": {"review_user": 22, "rating": 1, "description": "Put agent father sell. Throw leg study might run money maybe. Part southern your recent approach eat sometimes.", "active": true, "movie": 32, "created": "2023-11-16T02:30:49.945Z", "update": "2023-11-16T02:30:49.946Z"}}, {"model": "movie_app.review", "pk": 95, "fields": {"review_user": 19, "rating": 3, "description": "Game sense central success head Mrs star help. So require including point. Decision pass civil.\nCivil million enough everything standard religious read. Sister option study hope house woman.", "active": true, "movie": 33, "created": "2023-11-16T02:30:49.984Z", "update": "2023-11-16T02:30:49.984Z"}}, {"model": "movie_app.review", "pk": 96, "fields": {"review_user": 19, "rating": 4, "description": "Despite large baby. Describe church bill laugh usually upon join. Court remain any worker TV.", "active": true, "movie": 33, "created": "2023-11-16T02:30:50.008Z", "update": "2023-11-16T02:30:50.008Z"}}, {"model": "movie_app.review", "pk": 97, "fields": {"review_user": 18, "rating": 3, "description": "Natural former bit mean. Every part grow hundred. Important before run nice none.", "active": true, "movie": 33, "created": "2023-11-16T02:30:50.031Z", "update": "2023-11-16T02:30:50.031Z"}}, {"model": "movie_app.review", "pk": 98, "fields": {"review_user": 21, "rating": 5, "description": "List side positive wide and. Successful moment just less simple to side upon. Number behind collection. Serious agreement music heavy smile shoulder.", "active": true, "movie": 34, "created": "2023-11-16T02:30:50.076Z", "update": "2023-11-16T02:30:50.076Z"}}, {"model": "movie_app.review", "pk": 99, "fields": {"review_user": 22, "rating": 4, "description": "Role dream after. Their can not.\nField anything morning religious mention international activity couple. Yes crime new international organization. Receive loss any new.", "active": true, "movie": 34, "created": "2023-11-16T02:30:50.098Z", "update": "2023-11-16T02:30:50.098Z"}}, {"model": "movie_app.review", "pk": 100, "fields": {"review_user": 18, "rating": 4, "description": "Fly feeling after value worker give early. Push leader send share another always improve prevent. Door must should. Current American reflect other.", "active": true, "movie": 34, "created": "2023-11-16T02:30:50.122Z", "update": "2023-11-16T02:30:50.122Z"}}, {"model": "movie_app.review", "pk": 101, "fields": {"review_user": 20, "rating": 3, "description": "Hundred outside long reason garden. Per likely candidate adult job soon practice. Result later cause relate own.\nDinner message game choose both.", "active": true, "movie": 35, "created": "2023-11-16T02:30:50.159Z", "update": "2023-11-16T02:30:50.159Z"}}, {"model": "movie_app.review", "pk": 102, "fields": {"review_user": 21, "rating": 5, "description": "Shoulder consider plant sure decade money total. Page far growth act federal final car owner. Great energy box everyone worry.\nWhite still bar evening trial. Behavior simply hard.", "active": true, "movie": 35, "created": "2023-11-16T02:30:50.176Z", "update": "2023-11-16T02:30:50.176Z"}}, {"model": "movie_app.review", "pk": 103, "fields": {"review_user": 18, "rating": 1, "description": "Firm film early different task. Man real responsibility without suffer current phone.\nRun issue other improve power the. Hold prove pressure billion author. Former because tonight strong.", "active": true, "movie": 35, "created": "2023-11-16T02:30:50.194Z", "update": "2023-11-16T02:30:50.194Z"}}, {"model": "movie_app.review", "pk": 104, "fields": {"review_user": 18, "rating": 2, "description": "Court modern program billion. Stop while skill skill add fast reach. Each discussion result assume ten.\nChurch medical much Democrat. Raise relationship physical. Court responsibility top through.", "active": true, "movie": 36, "created": "2023-11-16T02:30:50.228Z", "update": "2023-11-16T02:30:50.228Z"}}, {"model": "movie_app.review", "pk": 105, "fields": {"review_user": 18, "rating": 5, "description": "Forget pass later your. Choice central court through help.\nHerself while sign along too give. Entire compare wish hope teacher key politics. Trade bad quality.\nTwo dream avoid ball impact.", "active": true, "movie": 36, "created": "2023-11-16T02:30:50.246Z", "update": "2023-11-16T02:30:50.246Z"}}, {"model": "movie_app.review", "pk": 106, "fields": {"review_user": 20, "rating": 2, "description": "Bill company cover north. Leg create positive become.\nSoldier great attack image assume table different magazine. Only expert low in nation. Myself consumer apply low such.", "active": true, "movie": 36, "created": "2023-11-16T02:30:50.263Z", "update": "2023-11-16T02:30:50.263Z"}}, {"model": "movie_app.review", "pk": 107, "fields": {"review_user": 22, "rating": 3, "description": "Real deep sort under play scene. Meeting pay writer visit space. Study yes run course accept pull attention. Management large statement play often short.", "active": true, "movie": 37, "created": "2023-11-16T02:30:50.296Z", "update": "2023-11-16T02:30:50.296Z"}}, {"model": "movie_app.review", "pk": 108, "fields": {"review_user": 22, "rating": 2, "description": "Wife perform civil heart. Public cell receive boy.\nShoulder run off enough. Tax coach hair lose. He religious eight security yes director.\nOwn argue red soldier national.", "active": true, "movie": 37, "created": "2023-11-16T02:30:50.313Z", "update": "2023-11-16T02:30:50.313Z"}}, {"model": "movie_app.review", "pk": 109, "fields": {"review_user": 19, "rating": 1, "description": "Deal employee page produce particularly chance. Three Mrs pay concern third take letter. Song challenge film program economic letter.", "active": true, "movie": 37, "created": "2023-11-16T02:30:50.330Z", "update": "2023-11-16T02:30:50.330Z"}}, {"model": "movie_app.review", "pk": 110, "fields": {"review_user": 19, "rating": 1, "description": "Away enough career become. Receive fast course attorney occur actually produce few. Ball other writer prevent option.\nSafe general international understand. Section which resource anything lead mind.", "active": true, "movie": 38, "created": "2023-11-16T02:30:50.366Z", "update": "2023-11-16T02:30:50.366Z"}}, {"model": "movie_app.review", "pk": 111, "fields": {"review_user": 20, "rating": 2, "description": "Lose ever report. Compare specific modern friend condition old third. A scientist guy set.\nInto local agent model yet million. Have in reveal respond building perform first project.", "active": true, "movie": 38, "created": "2023-11-16T02:30:50.386Z", "update": "2023-11-16T02:30:50.386Z"}}, {"model": "movie_app.review", "pk": 112, "fields": {"review_user": 20, "rating": 4, "description": "Course I day cup so teacher bit. Movement history actually scene. Him while off short drug hair.", "active": true, "movie": 38, "created": "2023-11-16T02:30:50.411Z", "update": "2023-11-16T02:30:50.411Z"}}, {"model": "movie_app.review", "pk": 113, "fields": {"review_user": 22, "rating": 2, "description": "Then their young week resource. Economy work smile them thing floor. Play avoid watch contain inside.\nVery training heavy expert director. Author describe series wife right director room.", "active": true, "movie": 39, "created": "2023-11-16T02:30:50.457Z", "update": "2023-11-16T02:30:50.457Z"}}, {"model": "movie_app.review", "pk": 114, "fields": {"review_user": 20, "rating": 1, "description": "Market tree girl value game mind source. Style information with their company adult movement. Dinner employee hot rise message.", "active": true, "movie": 39, "created": "2023-11-16T02:30:50.479Z", "update": "2023-11-16T02:30:50.479Z"}}, {"model": "movie_app.review", "pk": 115, "fields": {"review_user": 20, "rating": 4, "description": "Range reality group bit fall. Account quickly current authority trip office.\nAvoid pretty dog. Sense recently similar.\nEconomy usually this early serve ability glass.", "active": true, "movie": 39, "created": "2023-11-16T02:30:50.500Z", "update": "2023-11-16T02:30:50.500Z"}}, {"model": "movie_app.review", "pk": 116, "fields": {"review_user": 18, "rating": 3, "description": "Bit society student cup leader yard debate. Of add still. Race surface call.\nEat cause poor road ball artist. Soon between single hotel politics hotel treatment. Important standard same.", "active": true, "movie": 40, "created": "2023-11-16T02:30:50.543Z", "update": "2023-11-16T02:30:50.543Z"}}, {"model": "movie_app.review", "pk": 117, "fields": {"review_user": 19, "rating": 2, "description": "Exactly conference change score also avoid attack audience.\nStill six around scene never. Responsibility billion live choice.\nAudience allow whether bad. Fill leave fund sign.", "active": true, "movie": 40, "created": "2023-11-16T02:30:50.678Z", "update": "2023-11-16T02:30:50.678Z"}}, {"model": "movie_app.review", "pk": 118, "fields": {"review_user": 21, "rating": 5, "description": "Quite government learn rich. Record matter herself daughter leave.\nCase hit stock company pass happen. Old training lead land use not.", "active": true, "movie": 40, "created": "2023-11-16T02:30:50.740Z", "update": "2023-11-16T02:30:50.740Z"}}, {"model": "movie_app.review", "pk": 119, "fields": {"review_user": 20, "rating": 4, "description": "Less claim provide dog law hundred. Idea board fish get hundred author student.\nFast certain gas. Deal despite now long way.\nService throughout far break. Trouble former dog. Ever public campaign.", "active": true, "movie": 41, "created": "2023-11-16T02:30:50.957Z", "update": "2023-11-16T02:30:50.957Z"}}, {"model": "movie_app.review", "pk": 120, "fields": {"review_user": 19, "rating": 4, "description": "Check happy child get choose what. View left team concern our prevent establish. Only technology since reality soldier already.\nNever poor bag item choose. So either whom game account language.", "active": true, "movie": 41, "created": "2023-11-16T02:30:51.120Z", "update": "2023-11-16T02:30:51.120Z"}}, {"model": "movie_app.review", "pk": 121, "fields": {"review_user": 20, "rating": 1, "description": "Mouth agency ball usually site radio maybe.\nEconomic provide fast parent. Dog third challenge task civil recently put.", "active": true, "movie": 41, "created": "2023-11-16T02:30:51.311Z", "update": "2023-11-16T02:30:51.311Z"}}]